id,question_id,answer,domain
1,1,"Ensure that senior leaders and executives model ethical behavior and prioritize employee well-being.","Prioritize Ethical Leadership"
2,1,"Develop a strong ethical leadership culture that values employees as integral to the organization's success.","Prioritize Ethical Leadership"
3,1,"Define and communicate a set of ethical values that include a commitment to employee well-being and safety.","Establish Clear Ethical Values"
4,1,"Embed these values in the organization's mission and vision statements.","Establish Clear Ethical Values"
5,1,"Allocate resources to support employee well-being programs, such as mental health initiatives, wellness programs, and ergonomic workplace designs.","Invest in Employee Well-Being"
6,1,"Consider offering flexible work arrangements to promote work-life balance.","Invest in Employee Well-Being"
7,1,"Encourage open and honest communication between employees and management.","Foster Open Communication"
8,1,"Create channels for employees to voice concerns or suggestions related to their well-being.","Foster Open Communication"
9,1,"Recognize that long-term profitability is often linked to employee well-being. A satisfied and engaged workforce can boost productivity, innovation, and customer satisfaction.","Balance Profit and Well-Being"
10,1,"Avoid short-term thinking that sacrifices well-being for immediate financial gains.","Balance Profit and Well-Being"
11,2,"Develop and communicate a clear commitment to environmental sustainability, embedding it in the company's mission and values.","Sustainability Commitment"
12,2,"Prior to making decisions, conduct comprehensive environmental impact assessments (EIAs) to identify potential harm and explore alternative options.","Environmental Impact Assessment"
13,2,"Ensure full compliance with local, national, and international environmental laws and regulations.","Regulatory Compliance"
14,2,"Stay informed about evolving environmental legislation and make necessary adjustments.","Regulatory Compliance"
15,2,"Collaborate with suppliers who demonstrate a commitment to sustainable practices and ethical sourcing.","Sustainable Sourcing and Supply Chain"
16,2,"Assess the environmental impact of products and materials used in production and seek alternatives that are more eco-friendly.","Sustainable Sourcing and Supply Chain"
15,2,"Implement resource-efficient practices to reduce waste, energy consumption, and water usage in operations.","Resource Efficiency"
16,2,"Invest in energy-efficient technologies and renewable energy sources.","Resource Efficiency"
17,2,"Develop products and services with a focus on environmental sustainability, considering their entire lifecycle, from production to disposal.","Green Product Design"
18,2,"Invest in carbon offset programs and initiatives to mitigate the organization's carbon footprint.","Carbon Offsetting and Mitigation"
19,2,"Support reforestation, renewable energy projects, or other environmentally beneficial activities.","Carbon Offsetting and Mitigation"
20,2,"Ensure that marketing materials accurately represent the organization's commitment to environmental sustainability.","Ethical Marketing and Communication"
21,3,"Make ethical marketing principles a cornerstone of your company's culture and values.","Embrace Ethical Marketing Principles"
22,3,"Clearly communicate these principles to all employees involved in marketing and sales.","Embrace Ethical Marketing Principles"
23,3,"Ensure that all marketing materials, advertisements, and product descriptions are transparent, accurate, and free from misleading information.","Transparency and Honesty"
24,3,"Avoid exaggerations, false claims, and deceptive imagery in marketing campaigns.","Transparency and Honesty"
25,3,"Comply with advertising laws and regulations, including those related to false advertising and consumer protection.","Truth in Advertising"
26,3,"Verify the accuracy of all product or service claims before promoting them.","Truth in Advertising"
27,3,"Prioritize the needs and interests of customers over short-term sales goals.","Customer-Centric Approach"
28,3,"Develop products and services that genuinely meet customer needs and provide value.","Customer-Centric Approach"
29,3,"Price products or services fairly, avoiding hidden fees, price gouging, or artificial price inflation.","Ethical Pricing"
30,3,"Offer competitive and reasonable pricing while maintaining profitability.","Ethical Pricing"
31,4,"Before collecting any employee data beyond what is necessary for HR management, obtain informed consent from employees. Clearly explain the purpose of data collection, how it will be used, and the potential consequences.","Obtain Informed Consent"
32,4,"Only collect employee data that is necessary for legitimate HR purposes. Avoid collecting excessive or irrelevant information.","Limit Data Collection"
33,4,"Regularly review and assess the data collected to ensure it remains relevant and necessary.","Limit Data Collection"
34,4,"Comply with data protection laws and regulations, such as GDPR or CCPA, that govern the handling of employee data.","Data Protection Compliance"
35,4,"Implement robust data protection measures, including encryption, access controls, and secure storage, to safeguard employee data.","Data Protection Compliance"
34,4,"Maintain transparent communication with employees regarding data handling practices.","Transparency and Communication"
35,4,"Inform employees about their rights regarding their personal data, including the right to access, correct, or delete it.","Transparency and Communication"
36,4,"Use employee data only for the specific purposes for which it was collected and disclosed.","Purpose Limitation"
37,4,"Avoid using employee data for purposes unrelated to employment or HR management without explicit consent or a legitimate reason.","Purpose Limitation"
38,4,"Minimize the retention of employee data to the shortest necessary period.","Data Minimization"
39,4,"Implement data deletion or anonymization policies to remove data that is no longer needed for HR purposes.","Data Minimization"
40,4,"Develop and implement internal policies and procedures that govern the ethical use of employee data.","Internal Policies and Training"
41,5,"Establish a culture of transparency where information about changes that impact employees is shared openly and honestly.","Transparent Communication"
42,5,"Provide clear and timely updates regarding organizational changes, policies, and procedures.","Transparent Communication"
43,5,"Involve employees in the decision-making process when feasible. Seek their input and feedback on changes that may affect them.","Employee Engagement"
44,5,"Create forums or channels for employees to voice concerns, ask questions, and provide suggestions.","Employee Engagement"
45,5,"Whenever possible, provide employees with advance notice of impending changes. This allows them to prepare and adapt to the new circumstances.","Advance Notice"
46,5,"Be considerate of the timing and methods used to communicate changes.","Advance Notice"
47,5,"Clearly explain the reasons behind the changes, the expected impacts, and the benefits to both the organization and employees.","Clear Explanations"
48,5,"Address potential concerns or uncertainties proactively.","Clear Explanations"
49,5,"Make information easily accessible to all employees through channels such as company-wide emails, intranet portals, or meetings.","Accessibility of Information"
50,5,"Ensure that information is presented in a way that is understandable to all employees, regardless of their role or background.","Accessibility of Information"
51,6,"Develop and communicate a clear equal opportunity employment policy that prohibits discrimination based on age, along with other protected characteristics (such as race, gender, religion, etc.).","Equal Opportunity Employment Policy"
52,6,"Create diverse hiring panels or committees that include individuals from various age groups to review and select candidates.","Diverse Hiring Teams"
53,6,"Encourage diverse perspectives in the hiring process to reduce the likelihood of age bias.","Diverse Hiring Teams"
54,6,"Implement blind recruitment techniques, where applicant information such as age, name, and graduation dates is removed from initial application materials.","Blind Recruitment"
55,6,"Focus solely on qualifications and skills during the initial screening process.","Blind Recruitment"
56,6,"Provide training to hiring managers and recruiters on the importance of age diversity and the consequences of age discrimination.","Training and Awareness"
57,6,"Raise awareness about unconscious bias that may lead to age-related discrimination.","Training and Awareness"
58,6,"Establish clear and objective hiring criteria based on job-related skills, qualifications, and competencies.","Objective Hiring Criteria"
59,6,"Ensure that these criteria are consistently applied to all candidates regardless of age.","Objective Hiring Criteria"
60,6,"Conduct regular audits of hiring practices to identify and rectify any age-related biases.","Regular Audits and Monitoring"
61,7,"Develop clear and comprehensive termination policies and procedures that outline the criteria for termination and the steps to be followed.","Establish Clear Termination Policies"
62,7,"Require that terminations be based on justifiable and documented reasons, such as poor performance, violation of company policies, or legitimate restructuring needs.","Proper Cause Requirement"
63,7,"Ensure that employees are provided with due process, which may include notice, a fair hearing, an opportunity to respond to allegations, and a chance for improvement.","Due Process"
64,7,"Follow legal requirements and contractual obligations related to due process.","Due Process"
65,7,"Maintain thorough records of an employee's performance, behavior, or conduct issues, as well as any corrective actions taken.","Documentation"
66,7,"Document the reasons for termination, ensuring that they are clear and supported by evidence.","Documentation"
67,7,"Apply termination policies consistently and equitably to all employees, regardless of their position or tenure.","Consistency"
68,7,"Avoid favoritism or discriminatory practices in termination decisions.","Consistency"
69,7,"Communicate the reasons for termination to the employee in a respectful and empathetic manner, providing an opportunity for questions and discussion.","Notification and Communication"
70,7,"Notify the employee in writing and provide information about their rights and entitlements.","Notification and Communication"
71,8,"Establish performance targets that are challenging but realistic, taking into account the capabilities and resources available to employees.","Ethical Goal Setting"
72,8,"Avoid setting targets that are intentionally unattainable or that promote unhealthy competition among employees.","Ethical Goal Setting"
73,8,"Involve employees in the goal-setting process to gain their input and perspective on what is achievable.","Consult with Employees"
74,8,"Encourage open and honest communication about the feasibility of performance targets.","Consult with Employees"
75,8,"Conduct regular performance reviews that allow employees and managers to discuss progress toward goals.","Regular Performance Reviews"
76,8,"Adjust targets if they are consistently unrealistic or if unforeseen circumstances arise.","Regular Performance Reviews"
77,8,"Ensure that employees have the necessary resources, tools, and support to meet their performance targets.","Resource Allocation"
78,8,"Adjust targets if they are consistently unrealistic or if unforeseen circumstances arise.","Resource Allocation"
79,8,"Invest in employee training and development to enhance their skills and capabilities, enabling them to meet challenging goals more effectively.","Training and Development"
80,8,"Use a balanced set of performance metrics that consider both quantitative and qualitative aspects of an employee's work.","Balanced Metrics"
81,9,"Create clear and accessible channels for employees to report harassment, discrimination, or any other workplace concerns.","Establish Robust Reporting Mechanisms"
82,9,"Ensure that employees know how to use these reporting mechanisms and understand their rights.","Establish Robust Reporting Mechanisms"
83,9,"Implement strong whistleblower protection policies that safeguard employees who report misconduct from retaliation.","Whistleblower Protection"
84,9,"Guarantee anonymity for those who prefer to remain confidential when reporting.","Whistleblower Protection"
85,9,"Commit to conducting thorough and impartial investigations of all complaints. Investigations should be prompt and unbiased.","Thorough and Prompt Investigations"
86,9,"Ensure that investigations are handled by individuals trained in addressing harassment and discrimination issues.","Thorough and Prompt Investigations"
87,9,"Maintain transparency in the investigation process. Keep complainants informed of the progress and outcomes of their complaints.","Transparency and Communication"
88,9,"Communicate anti-harassment and anti-discrimination policies and procedures regularly to all employees.","Transparency and Communication"
89,9,"Provide access to counseling and support services for employees who have experienced harassment or discrimination.","Employee Support Services"
90,9,"Offer resources for emotional and psychological well-being.","Employee Support Services"
91,10,"Promote a merit-based system where promotions are awarded based on employees' skills, qualifications, performance, and contributions to the organization.","Merit-Based Promotions"
92,10,"Develop clear and objective evaluation criteria for promotions, ensuring that they are consistently applied to all candidates.","Objective Evaluation Criteria"
93,10,"Use data-driven assessments and performance metrics to make promotion decisions.","Objective Evaluation Criteria"
94,10,"Communicate the promotion process, criteria, and timelines openly to all employees to create a sense of fairness and trust.","Transparency and Communication"
95,10,"Encourage employees to seek feedback on their performance and career development.","Transparency and Communication"
96,10,"Invest in training and development programs to help employees acquire the skills and competencies needed for advancement.","Training and Development"
97,10,"Provide resources and support for career growth.","Training and Development"
98,10,"Promote diversity and inclusion in the workplace to ensure that opportunities are accessible to employees from all backgrounds.","Diversity and Inclusion"
99,10,"Monitor and address any disparities in promotions based on demographic factors.","Diversity and Inclusion"
100,10,"Hold managers and decision-makers accountable for making objective and ethical promotion decisions.","Management Accountability"
101,11,"Always acknowledge and give credit to the employee or team responsible for a particular achievement, idea, or project.","Give Credit Where It's Due"
102,11,"Emphasize the collective effort that goes into achieving success.","Give Credit Where It's Due"
103,11,"Maintain open and transparent communication about individual and team contributions within the organization.","Transparent Communication"
104,11,"Encourage employees to share their achievements and recognize their colleagues.","Transparent Communication"
105,11,"Implement performance recognition programs that highlight and reward individual and team accomplishments.","Performance Recognition Programs"
106,11,"Ensure that these programs are based on fair and objective criteria.","Performance Recognition Programs"
107,11,"Hold managers and leaders accountable for ethical behavior and giving credit appropriately.","Managerial Accountability"
108,11,"Provide training on ethical leadership and the importance of acknowledging employee contributions.","Managerial Accountability"
109,11,"Establish channels for employees to provide feedback and report instances of credit-taking or unethical behavior.","Feedback Channels"
110,11,"Address concerns promptly and transparently, ensuring protection for whistleblowers.","Feedback Channels"
111,12,"Be transparent and honest in your actions and interactions with colleagues. Avoid deceit, manipulation, or spreading false information.","Transparency and Honesty"
112,12,"Respect ethical boundaries, such as avoiding unethical behavior, conflicts of interest, or favoritism.","Ethical Boundaries"
113,12,"Prioritize honesty and integrity in your professional interactions.","Ethical Boundaries"
114,12,"Uphold high standards of professionalism in your conduct, treating all colleagues with respect and fairness.","Professionalism"
115,12,"Avoid undermining or sabotaging others for personal gain.","Professionalism"
116,12,"Focus on improving your skills, competence, and performance as a primary means of advancing your career.","Merit and Competence"
117,12,"Seek recognition based on merit and contributions rather than political maneuvering.","Merit and Competence"
118,12,"Build positive and constructive relationships with colleagues, supervisors, and mentors.","Positive Networking"
119,12,"Network to gain knowledge, support, and mentorship rather than solely for personal gain.","Positive Networking"
120,12,"Address conflicts or disagreements professionally and ethically. Seek resolution through open communication and collaboration rather than resorting to manipulation.","Conflict Resolution"
121,13,"Establish clear ethical guidelines and communication policies within the organization to guide leaders in determining when information can be confidential and when it should be shared with the team.","Clear Ethical Guidelines"
122,13,"As a general rule, prioritize transparency and open communication with the team. Share information that is relevant to their roles, responsibilities, and overall well-being.","Transparency by Default"
123,13,"Ensure that withholding information complies with legal requirements and ethical standards. Some situations may necessitate confidentiality due to legal obligations (e.g., protecting sensitive employee data).","Legal and Ethical Compliance"
124,13,"Evaluate the potential risks and benefits of concealing information from the team. Consider the impact on trust, morale, and productivity.","Risk Assessment"
125,13,"Develop communication plans that outline when and how sensitive or confidential information will be shared with the team. Be clear about the reasons for withholding information and the expected timeline for disclosure.","Communication Plans"
126,13,"Limit the information shared with the team to what they need to know to perform their jobs effectively. Avoid sharing confidential information that is irrelevant to their roles.","Need-to-Know Basis"
127,13,"If information must be withheld, communicate the reasons for the decision clearly and honestly. Reassure the team that confidentiality is necessary to protect their interests or the organization's interests.","Maintain Trust"
128,13,"Whenever possible, disclose withheld information as soon as it is no longer necessary to keep it confidential. Prompt disclosure can help rebuild trust.","Timely Disclosure"
129,13,"Hold leaders accountable for their decisions regarding information disclosure. Encourage them to justify their actions and adhere to ethical principles.","Accountability"
130,13,"Establish mechanisms for employees to report concerns about information concealment or unethical behavior.","Whistleblower Protection"
131,14,"Adopt a leadership style that prioritizes ethical principles, including fairness, honesty, transparency, and respect for others.","Embrace Ethical Leadership Principles"
132,14,"Establish clear ethical guidelines and codes of conduct within the organization that explicitly discourage fear and intimidation as management tactics.","Clear Ethical Guidelines"
133,14,"Provide leadership training to managers and supervisors, emphasizing the importance of ethical leadership practices and the detrimental effects of fear-based management.","Leadership Training"
134,14,"Train managers in effective communication skills, conflict resolution, and constructive feedback techniques to foster healthy relationships with employees.","Communication Skills"
135,14,"Implement formal conflict resolution mechanisms within the organization to address employee concerns and grievances in a fair and impartial manner.","Conflict Resolution Mechanisms"
136,14,"Hold managers and leaders accountable for their behavior and actions, ensuring they align with the organization's ethical standards.","Accountability"
137,14,"Implement consequences for unethical behavior, including fear-based tactics.","Accountability"
138,14,"Promote positive leadership styles that focus on coaching, mentoring, and empowerment rather than fear and control.","Positive Leadership Styles"
139,14,"Encourage managers to build trust and rapport with their teams.","Positive Leadership Styles"
140,14,"Encourage open and honest feedback from employees about their managers' leadership styles and practices.","Regular Feedback"
141,15,"Promote transparency in the allocation of resources and opportunities, ensuring that the process is clearly defined and fair.","Transparency and Fairness"
142,15,"Communicate the criteria used for resource allocation to all stakeholders.","Transparency and Fairness"
143,15,"Develop and communicate clear guidelines and policies regarding resource allocation to prevent favoritism.","Establish Clear Guidelines"
144,15,"Ensure that these guidelines are consistently applied to all employees.","Establish Clear Guidelines"
145,15,"Base resource allocation decisions on merit, performance, qualifications, and objective criteria rather than personal preferences.","Merit-Based Allocation"
146,15,"Prioritize those who are best suited for the resources or opportunities.","Merit-Based Allocation"
147,15,"Implement objective evaluation processes for determining who receives resources or opportunities, eliminating subjectivity and bias.","Objective Evaluation"
148,15,"Use data-driven assessments when applicable.","Objective Evaluation"
149,15,"Ensure that all eligible employees have equal access to information about available resources or opportunities.","Equal Access"
150,15,"Avoid exclusive access or undisclosed opportunities.","Equal Access"
151,16,"Develop and adhere to a code of ethics that guides the company's approach to taxation, emphasizing compliance with both the letter and the spirit of tax laws.","Ethical Tax Practices"
152,16,"Be transparent about the company's tax practices and disclose the use of any tax loopholes in financial reports and statements.","Transparency and Disclosure"
153,16,"Ensure that all tax planning strategies, including the use of tax loopholes, fully comply with applicable tax laws and regulations.","Legal Compliance"
154,16,"Engage tax professionals to provide expertise in tax compliance.","Legal Compliance"
155,16,"Engage with stakeholders, including shareholders, customers, and the public, to discuss the company's tax practices and address concerns.","Stakeholder Engagement"
156,16,"Consider their perspectives and feedback when making tax-related decisions.","Stakeholder Engagement"
157,16,"Embrace corporate social responsibility (CSR) principles that emphasize contributing to the well-being of society, including paying a fair share of taxes.","Social Responsibility"
158,16,"Actively support efforts to advocate for tax reform that addresses tax loopholes and promotes a fair and equitable tax system.","Advocate for Tax Reform"
159,16,"Collaborate with industry associations and policymakers to drive meaningful change.","Advocate for Tax Reform"
160,16,"Adopt tax fairness principles that guide the company's approach to taxation, ensuring that tax practices align with the broader public interest.","Tax Fairness Principles"
161,17,"Ensure strict compliance with antitrust and competition laws in all business practices, including pricing strategies and agreements with competitors.","Compliance with Antitrust Laws"
162,17,"Establish clear ethical guidelines and codes of conduct within the organization that explicitly prohibit price-fixing and anti-competitive behavior.","Ethical Guidelines"
163,17,"Provide employees, especially those involved in sales, pricing, and negotiations, with training on antitrust laws and the ethical implications of price-fixing.","Education and Training"
164,17,"Encourage employees to gather competitive intelligence legally and ethically, focusing on understanding market dynamics and customer needs rather than collusion.","Competitive Intelligence"
165,17,"Create mechanisms for employees to report concerns about potential price-fixing or anti-competitive behavior within the organization.","Whistleblower Protection"
166,17,"Ensure that whistleblowers are protected from retaliation.","Whistleblower Protection"
167,17,"Lead by example, demonstrating a commitment to ethical business practices and adherence to antitrust laws.","Ethical Leadership"
168,17,"Maintain transparency in pricing strategies and communicate openly with customers and stakeholders about the factors that influence pricing decisions.","Transparent Pricing"
169,17,"Compete in the marketplace based on the merit of your products, services, and customer value rather than through collusion with competitors.","Compete on Merit"
170,17,"Conduct regular audits and assessments of business practices to identify and prevent any potential antitrust violations.","Regular Compliance Audits"
171,18,"Ensure that all testimonials used in marketing materials accurately reflect the experiences and opinions of real customers.","Truthful and Accurate Testimonials"
172,18,"Avoid fabricating or exaggerating testimonials.","Truthful and Accurate Testimonials"
173,18,"Obtain written consent from customers before using their testimonials in marketing materials. Clearly communicate how their testimonials will be used.","Obtain Permission"
174,18,"Implement a verification process to confirm the authenticity of testimonials. Contact customers to validate their statements if necessary.","Verify Testimonials"
175,18,"Disclose any material connections between the individuals providing testimonials and the company, such as if they are employees or affiliates.","Disclose Material Connections"
176,18,"Transparency about relationships helps maintain trust.","Disclose Material Connections"
177,18,"Do not misrepresent or alter the content of testimonials in a way that distorts the original message or intent.","Do Not Misrepresent"
178,18,"Feature a diverse range of testimonials that reflect the various experiences and perspectives of customers.","Diverse Testimonials"
179,18,"Avoid cherry-picking only the most positive testimonials.","Diverse Testimonials"
180,18,"Train employees involved in marketing and advertising on ethical practices, including the use of testimonials.","Educate Employees"
181,19,"Ensure that all products meet or exceed safety standards, regulatory requirements, and industry best practices.","Product Safety Standards"
182,19,"Implement rigorous quality control processes to minimize the risk of harm.","Product Safety Standards"
183,19,"Clearly and accurately label products with all relevant safety information, warnings, and instructions for safe use.","Transparency and Disclosure"
184,19,"Provide accessible and comprehensive information about potential risks associated with the product.","Transparency and Disclosure"
185,19,"Avoid misleading or deceptive marketing practices that downplay potential risks or exaggerate product benefits.","Responsible Marketing"
186,19,"Communicate honestly and transparently about the product's attributes and limitations.","Responsible Marketing"
187,19,"Subject products to thorough testing and certification processes to ensure their safety and compliance with applicable regulations.","Product Testing and Certification"
188,19,"Regularly update products to meet evolving safety standards.","Product Testing and Certification"
189,19,"Establish a recall and remediation plan for addressing any safety issues or defects promptly.","Recall and Remediation"
190,19,"Take immediate action to notify customers and regulators if a product is found to be harmful.","Recall and Remediation"
191,20,"Ensure that all marketing and advertising materials accurately represent the product's features, capabilities, and limitations.","Truthful Marketing and Advertising"
192,20,"Avoid false claims, exaggerations, or deceptive tactics.","Truthful Marketing and Advertising"
193,20,"Provide clear, detailed, and accurate product descriptions on your website and in product documentation, including user manuals and specifications.","Clear and Accurate Product Descriptions"
194,20,"Train sales teams and representatives to be honest and transparent when communicating with customers.","Honest Sales Practices"
195,20,"Discourage deceptive sales tactics, including bait-and-switch techniques.","Honest Sales Practices"
196,20,"Set ethical sales targets and expectations that do not encourage or reward misrepresentation.","Ethical Sales Targets"
197,20,"Prioritize long-term customer relationships over short-term sales.","Ethical Sales Targets"
198,20,"Educate customers about the product's features and limitations during the sales process, ensuring they have realistic expectations.","Customer Education"
199,20,"Provide customers with easy ways to provide feedback or report concerns about misrepresentation or product dissatisfaction.","Customer Feedback Mechanisms"
200,20,"Act on customer feedback promptly.","Customer Feedback Mechanisms"
201,21,"Commit to adhering to ethical financial reporting standards, including Generally Accepted Accounting Principles (GAAP) or International Financial Reporting Standards (IFRS), as applicable.","Ethical Reporting Standards"
202,21,"Ensure that financial statements accurately and transparently represent the company's financial performance, position, and risks.","Honest Financial Reporting"
203,21,"Avoid false statements, omissions, or manipulation of financial data.","Honest Financial Reporting"
204,21,"Engage reputable and independent auditing firms to conduct thorough audits of financial statements to verify their accuracy and compliance with accounting standards.","Independent Audits"
205,21,"Promote ethical leadership throughout the organization, with executives and senior management setting an example of honesty and integrity in financial reporting.","Ethical Leadership"
206,21,"Establish robust internal controls to prevent and detect financial fraud, including controls over financial reporting processes and access to financial data.","Internal Controls"
207,21,"Create mechanisms for employees to report concerns about unethical financial practices or fraud.","Whistleblower Protection"
208,21,"Ensure that whistleblowers are protected from retaliation.","Whistleblower Protection"
209,21,"Strengthen the oversight role of the board of directors in financial reporting, including the establishment of audit committees.","Board Oversight"
210,21,"Encourage independent and diligent review of financial statements.","Board Oversight"
211,22,"Establish fair compensation practices that consider the value employees bring to the organization, market conditions, and the organization's financial health.","Fair Compensation Practices"
212,22,"Ensure that employees are paid competitive and equitable wages.","Fair Compensation Practices"
213,22,"Promote ethical leadership that balances the interests of both shareholders and employees.","Ethical Leadership"
214,22,"Demonstrate a commitment to corporate social responsibility (CSR) principles that prioritize the well-being of all stakeholders.","Ethical Leadership"
215,22,"Maintain transparent communication with employees and shareholders about the organization's financial performance, challenges, and goals.","Transparent Communication"
216,22,"Avoid deceptive or misleading communication that may give a false impression of priorities.","Transparent Communication"
217,22,"Develop an ethical decision-making framework that guides leadership in weighing the impact of decisions on employees, shareholders, and other stakeholders.","Ethical Decision-Making Framework"
218,22,"Consider factors such as the potential for harm to employees, societal implications, and long-term sustainability.","Ethical Decision-Making Framework"
219,22,"Engage with employees, shareholders, and other stakeholders to understand their perspectives, concerns, and expectations.","Stakeholder Engagement"
220,22,"Consider their input when making decisions that affect them.","Stakeholder Engagement"
221,23,"Ensure full compliance with securities laws and regulations related to insider trading in the jurisdiction where the company operates.","Strict Legal Compliance"
222,23,"Engage legal counsel to provide guidance on compliance.","Strict Legal Compliance"
223,23,"Conduct educational programs and training for employees, especially those with access to sensitive, non-public information, to raise awareness about insider trading laws and ethical considerations.","Educational Programs"
224,23,"Establish and enforce clear ethical codes of conduct within the organization that explicitly prohibit insider trading and unethical practices related to securities trading.","Ethical Codes of Conduct"
225,23,"Implement strict information segregation measures to prevent unauthorized access to sensitive, non-public information.","Information Segregation"
226,23,"Limit access to confidential information to only those who need it for legitimate business purposes.","Information Segregation"
227,23,"Develop and communicate comprehensive insider trading policies and guidelines to employees, outlining the legal and ethical obligations related to trading securities.","Insider Trading Policies"
228,23,"Require employees to seek pre-clearance for any trading in the company's securities, particularly during periods of heightened sensitivity, such as before earnings releases.","Pre-Clearance Procedures"
229,23,"Implement monitoring and surveillance systems to detect and prevent insider trading activities within the organization.","Monitoring and Surveillance"
230,23,"Conduct regular audits to ensure compliance.","Monitoring and Surveillance"
231,24,"Develop and maintain transparent executive compensation policies that clearly define the criteria, metrics, and performance targets used to determine executive pay.","Transparent Compensation Policies"
232,24,"Ensure that executive compensation is directly linked to performance and achievement of specific, measurable goals that benefit the organization and its stakeholders.","Performance-Linked Compensation"
233,24,"Set a reasonable base salary for executives that reflects market standards and the complexity of their roles while remaining in line with the organization's financial health.","Reasonable Salary Base"
234,24,"Encourage executives to hold equity or stock in the company as a means of aligning their interests with shareholders' long-term value creation goals.","Equity and Stock Ownership"
235,24,"Implement clawback provisions in executive compensation agreements that allow the company to recoup excessive pay if financial restatements or unethical behavior come to light.","Clawback Provisions"
236,24,"Establish independent compensation committees composed of board members who are not executives or employees of the company.","Independent Compensation Committees"
237,24,"These committees can review and approve executive compensation to ensure fairness and transparency.","Independent Compensation Committees"
238,24,"Seek input from shareholders regarding executive compensation policies and proposals.","Shareholder Input"
239,24,"Engage in a dialogue with shareholders to address concerns and gather feedback.","Shareholder Input"
240,24,"Conduct comparative analyses of executive compensation with peer companies to ensure that packages are competitive but not excessively generous.","Comparative Analysis"
241,25,"Strictly adhere to the payment terms and conditions agreed upon with suppliers.","Honor Agreed-Upon Terms"
242,25,"Ensure payments are made within the specified timeframes.","Honor Agreed-Upon Terms"
243,25,"Implement effective cash flow management practices to maintain liquidity without resorting to delaying payments to suppliers.","Effective Cash Flow Management"
244,25,"Explore other methods to improve cash flow, such as optimizing inventory levels, reducing operating expenses, or negotiating better credit terms with financial institutions.","Effective Cash Flow Management"
245,25,"Maintain open and transparent communication with suppliers regarding payment schedules and potential delays.","Communication with Suppliers"
246,25,"Discuss any financial difficulties or challenges that may impact payment timelines.","Communication with Suppliers"
247,25,"If facing cash flow issues, proactively negotiate revised payment terms with suppliers that are mutually acceptable.","Negotiate Payment Terms"
248,25,"Seek to establish win-win solutions that benefit both parties.","Negotiate Payment Terms"
249,25,"Prioritize building and maintaining strong relationships with suppliers based on trust, reliability, and fair treatment.","Supplier Relationships"
250,25,"Recognize the long-term value of these relationships.","Supplier Relationships"
251,26,"Demonstrate a clear and unwavering commitment to diversity and inclusion as core values of the organization.","Commitment to Diversity and Inclusion"
252,26,"Communicate the importance of diversity to all employees and stakeholders.","Commitment to Diversity and Inclusion"
253,26,"Establish diverse hiring panels that reflect a range of backgrounds, experiences, and perspectives to ensure unbiased evaluations of candidates.","Diverse Hiring Panels"
254,26,"Review and revise job descriptions to use inclusive language and remove any bias-inducing language or requirements that are not essential to the job.","Inclusive Job Descriptions"
255,26,"Implement recruitment processes that are free from bias and discrimination.","Unbiased Recruitment Process"
256,26,"Use standardized interview questions and evaluation criteria.","Unbiased Recruitment Process"
257,26,"Provide diversity and inclusion training for all employees involved in the hiring process to raise awareness of unconscious biases and promote fair decision-making.","Diversity Training"
258,26,"Actively seek out diverse candidates through a variety of sourcing methods, including targeted outreach, partnerships, and networking.","Diverse Candidate Sourcing"
259,26,"Set specific diversity goals and metrics for hiring and regularly assess progress toward those goals.","Diversity Goals and Metrics"
260,26,"Hold leaders and hiring managers accountable for meeting these objectives.","Diversity Goals and Metrics"
261,27,"Implement hiring practices that are free from bias and discrimination. Train all employees involved in the hiring process to recognize and mitigate biases.","Unbiased Hiring Practices"
262,27,"Establish diverse hiring panels that include individuals from various backgrounds, experiences, and perspectives to minimize the impact of biases.","Diverse Hiring Panels"
263,27,"Use standardized interview questions and evaluation criteria to ensure that all candidates are assessed consistently and objectively.","Standardized Evaluation Criteria"
264,27,"Provide diversity and inclusion training for all employees involved in the hiring process to raise awareness of unconscious biases and promote fair decision-making.","Diversity and Inclusion Training"
265,27,"Consider implementing blind recruitment practices, where identifying information that could lead to bias is temporarily removed from resumes and applications.","Unbiased Hiring Practices"
266,27,"Set specific diversity and inclusion goals and metrics for hiring and regularly assess progress toward those goals. Hold leaders and hiring managers accountable for meeting these objectives.","Unbiased Hiring Practices"
267,27,"Maintain transparency in the hiring process by clearly communicating selection criteria and decisions to candidates. Offer constructive feedback to candidates.","Unbiased Hiring Practices"
268,27,"Include diversity and inclusion statements in job postings and on the company's website to signal a commitment to diversity and non-discrimination.","Unbiased Hiring Practices"
269,27,"Conduct regular audits and assessments of the organization's hiring practices to identify and rectify any biases or barriers to diversity and inclusion.","Unbiased Hiring Practices"
270,27,"Ensure full compliance with anti-discrimination laws and regulations governing hiring decisions. Seek legal counsel to ensure policies and practices are in line with the law.","Unbiased Hiring Practices"
271,28,"Develop professional development policies and programs that are inclusive and open to all employees, regardless of their background or characteristics.","Inclusive Professional Development Policies"
272,28,"Provide diversity and inclusion training to all employees and managers involved in professional development decisions to raise awareness of unconscious biases and promote fairness.","Inclusive Professional Development Policies"
273,28,"Select participants for professional development opportunities based on merit, skills, qualifications, and potential for growth, rather than personal characteristics.","Inclusive Professional Development Policies"
274,28,"Establish diverse selection panels or committees responsible for evaluating candidates for professional development opportunities to minimize bias and promote objectivity.","Inclusive Professional Development Policies"
275,28,"Communicate clearly and transparently about professional development opportunities, eligibility criteria, and selection processes.","Inclusive Professional Development Policies"
276,28,"Ensure that employees understand how they can apply and what is expected of them.","Inclusive Professional Development Policies"
277,28,"Implement mentorship and sponsorship programs that pair employees with mentors or sponsors who can support their career growth and development, regardless of their background.","Inclusive Professional Development Policies"
278,28,"Consider implementing affirmative action programs or initiatives that actively promote underrepresented groups' participation in professional development opportunities to address historical disparities.","Inclusive Professional Development Policies"
279,28,"Set specific diversity and inclusion goals and metrics for professional development programs and regularly assess progress.","Inclusive Professional Development Policies"
280,28,"Hold leaders and managers accountable for achieving these objectives.","Inclusive Professional Development Policies"
281,29,"Demonstrate a clear and unwavering commitment to diversity and inclusion as core values of the organization.","Commitment to Diversity and Inclusion"
282,29,"Communicate the importance of diversity and inclusion to all employees and stakeholders.","Commitment to Diversity and Inclusion"
283,29,"Ensure diversity in leadership positions to set an example and provide diverse perspectives in decision-making.","Commitment to Diversity and Inclusion"
284,29,"Develop and implement inclusive policies and practices that prevent discrimination and promote diversity.","Commitment to Diversity and Inclusion"
285,29,"Conduct regular assessments to identify and rectify any unwelcoming or biased practices.","Commitment to Diversity and Inclusion"
286,29,"Provide diversity and inclusion training for all employees to raise awareness of unconscious biases, promote understanding, and encourage inclusive behavior.","Commitment to Diversity and Inclusion"
287,29,"Establish a zero-tolerance policy for discrimination, harassment, and unwelcoming behavior.","Commitment to Diversity and Inclusion"
288,29,"Ensure that employees are aware of the policy and reporting mechanisms.","Commitment to Diversity and Inclusion"
289,29,"Implement diverse hiring and promotion practices that prioritize equal opportunity and the consideration of candidates from various backgrounds.","Commitment to Diversity and Inclusion"
290,29,"Encourage the formation of employee resource groups (ERGs) and affinity groups that allow employees to connect, share experiences, and contribute to an inclusive workplace culture.","Commitment to Diversity and Inclusion"
291,30,"Demonstrate a strong commitment to equal opportunity and inclusivity as fundamental principles of the organization.","Commitment to Equal Opportunity"
292,30,"Provide disability awareness and sensitivity training to all employees to raise awareness of the needs of disabled colleagues and promote a culture of inclusion.","Commitment to Equal Opportunity"
293,30,"Ensure full compliance with disability rights laws, including the Americans with Disabilities Act (ADA) in the United States and similar laws in other jurisdictions.","Commitment to Equal Opportunity"
294,30,"Establish clear policies and processes for identifying and providing reasonable accommodations to disabled employees.","Commitment to Equal Opportunity"
295,30,"Engage in an interactive process with employees to determine the specific accommodations they may need.","Commitment to Equal Opportunity"
296,30,"Ensure that physical facilities and digital resources are accessible to employees with disabilities, including wheelchair ramps, accessible restrooms, and screen reader-friendly websites.","Commitment to Equal Opportunity"
297,30,"Offer flexible work arrangements, such as remote work options or adjusted work hours, to accommodate disabled employees' needs.","Commitment to Equal Opportunity"
298,30,"Provide accessible communication formats for employees with disabilities, such as braille materials, sign language interpreters, or accessible documents.","Commitment to Equal Opportunity"
299,30,"Offer mentoring and support programs for disabled employees to help them succeed in their roles and advance their careers.","Commitment to Equal Opportunity"
300,30,"Establish a zero-tolerance policy for discrimination or harassment based on disability or related accommodations.","Commitment to Equal Opportunity"
301,31,"Be transparent with employees about the use of monitoring software. Clearly communicate the reasons for its implementation and how it will be used.","Transparency and Communication"
302,31,"Inform employees about the specific data that will be collected and monitored.","Transparency and Communication"
303,31,"Obtain informed consent from employees before implementing monitoring software. Ensure they understand what the software will track and how the data will be used.","Transparency and Communication"
304,31,"Allow employees to opt-in or opt-out of certain monitoring practices when possible.","Transparency and Communication"
305,31,"Ensure that the use of monitoring software complies with all applicable privacy laws and regulations in your jurisdiction.","Transparency and Communication"
306,31,"Seek legal counsel to ensure compliance with relevant laws, such as the General Data Protection Regulation (GDPR) in Europe or the Health Insurance Portability and Accountability Act (HIPAA) in the United States.","Transparency and Communication"
307,31,"Limit the scope of monitoring to what is necessary for legitimate business purposes, such as security, productivity, or compliance.","Transparency and Communication"
308,31,"Avoid excessive or intrusive monitoring that goes beyond what is necessary.","Transparency and Communication"
309,31,"Implement strong data protection measures to safeguard the collected data and prevent unauthorized access or breaches.","Transparency and Communication"
310,31,"Regularly audit and assess data security practices.","Transparency and Communication"
311,32,"Obtain informed and voluntary consent from employees before sharing their personal information with third parties. Clearly communicate the purpose and scope of the sharing.","Obtain Informed Consent"
312,32,"Ensure that any sharing of employee personal information complies with all applicable data protection laws, such as the General Data Protection Regulation (GDPR) in Europe or the Health Insurance Portability and Accountability Act (HIPAA) in the United States.","Obtain Informed Consent"
313,32,"Limit the sharing of personal information to legitimate and necessary business purposes. Avoid sharing information with third parties unless there is a clear and justifiable reason.","Obtain Informed Consent"
314,32,"Implement robust data security measures to protect employee personal information from unauthorized access or breaches when shared with third parties.","Obtain Informed Consent"
315,32,"Establish data protection agreements or contracts with third parties that specify the terms, conditions, and safeguards for handling and protecting employee personal data.","Obtain Informed Consent"
316,32,"Minimize the sharing of personal information to the extent possible, sharing only the specific data required for the intended purpose.","Obtain Informed Consent"
317,32,"Be transparent with employees about the sharing of their personal information with third parties. Notify them of the nature of the sharing, who the third parties are, and the safeguards in place.","Obtain Informed Consent"
318,32,"Inform employees about their rights to access and request the deletion of their personal information. Ensure that they can exercise these rights easily.","Obtain Informed Consent"
319,32,"Develop and communicate clear privacy policies to employees that outline how their personal information is handled and shared within the organization and with third parties.","Obtain Informed Consent"
320,32,"Conduct regular audits and assessments of data-sharing practices to identify and rectify any potential privacy breaches or non-compliance with ethical standards and regulations.","Obtain Informed Consent"
321,33,"Develop clear and well-defined social media policies that outline the organization's expectations regarding employee behavior on social media.","Establish Clear Policies"
322,33,"Only request access to employees' personal social media accounts when there are legitimate business reasons, such as investigations into workplace misconduct or potential security risks.","Establish Clear Policies"
323,33,"Request access to personal social media accounts only with the informed and voluntary consent of employees.","Establish Clear Policies"
324,33,"Clearly communicate the reasons for the request and how the information will be used.","Establish Clear Policies"
325,33,"Ensure that any access requests comply with applicable privacy and data protection laws, which may vary by jurisdiction.","Establish Clear Policies"
326,33,"Seek legal counsel to ensure compliance with relevant regulations.","Establish Clear Policies"
327,33,"Limit access to specific information or posts that are relevant to the legitimate business reason, rather than accessing an entire account.","Establish Clear Policies"
328,33,"Implement strong data security measures to protect any personal information accessed during investigations or other legitimate reasons.","Establish Clear Policies"
329,33,"Establish mechanisms for employees to report concerns about social media access requests or misuse of their personal information.","Establish Clear Policies"
330,33,"Ensure that whistleblowers are protected from retaliation.","Establish Clear Policies"
331,34,"Develop clear and well-communicated internet usage and email policies that outline the organization's expectations regarding employee behavior.","Establish Clear Usage Policies"
332,34,"Only monitor internet usage and emails when there are legitimate business reasons, such as security concerns, compliance with regulations, or investigations into misconduct.","Establish Clear Usage Policies"
333,34,"Seek informed and voluntary consent from employees before implementing monitoring practices.","Establish Clear Usage Policies"
334,34,"Clearly communicate the reasons for monitoring, the types of information collected, and how the data will be used.","Establish Clear Usage Policies"
335,34,"Ensure that any monitoring activities comply with applicable privacy and data protection laws, which may vary by jurisdiction.","Establish Clear Usage Policies"
336,34,"Seek legal counsel to ensure compliance with relevant regulations.","Establish Clear Usage Policies"
337,34,"Limit monitoring to specific information or activities that are directly related to the legitimate business reason.","Establish Clear Usage Policies"
338,34,"Avoid overly intrusive monitoring practices that collect excessive data unrelated to the purpose.","Establish Clear Usage Policies"
339,34,"Implement strong data security measures to protect the privacy and security of employee internet usage and email data.","Establish Clear Usage Policies"
340,34,"Encrypt sensitive data and limit access to authorized personnel.","Establish Clear Usage Policies"
341,35,"Be transparent with customers about the collection and potential sharing of their data.","Transparency and Consent"
342,35,"Obtain clear and informed consent from customers before sharing their data with third parties.","Transparency and Consent"
343,35,"Maintain clear and comprehensive privacy policies that explain how customer data is collected, used, and shared.","Transparency and Consent"
344,35,"Ensure that privacy policies are easily accessible to customers.","Transparency and Consent"
345,35,"Ensure that any data sharing practices comply with all applicable privacy laws and regulations, such as the General Data Protection Regulation (GDPR) in Europe or the California Consumer Privacy Act (CCPA) in the United States.","Transparency and Consent"
346,35,"Implement robust data protection measures to safeguard customer data and prevent unauthorized access or breaches when sharing data with third parties.","Transparency and Consent"
347,35,"Limit the sharing of customer data to legitimate and necessary business purposes, avoiding sharing data with third parties for unrelated purposes.","Transparency and Consent"
348,35,"Consider anonymizing or pseudonymizing customer data before sharing it with third parties to protect individual identities.","Transparency and Consent"
349,35,"Provide customers with options and control over their data, including the ability to opt out of data sharing with third parties.","Transparency and Consent"
350,35,"Establish ethical data partnerships with third parties that adhere to strict data protection and privacy standards.","Transparency and Consent"
351,36,"Conduct thorough environmental impact assessments before implementing any business practices or processes to identify potential harm to the environment.","Environmental Impact Assessment"
352,36,"Ensure strict compliance with all environmental laws and regulations relevant to the business operations, including emissions standards, waste disposal, and natural resource management.","Environmental Impact Assessment"
353,36,"Transition to sustainable and environmentally friendly practices wherever possible, such as reducing energy consumption, using renewable resources, and minimizing waste.","Environmental Impact Assessment"
354,36,"Invest in and adopt technologies and processes that reduce environmental harm and minimize the ecological footprint.","Environmental Impact Assessment"
355,36,"Pursue and maintain certifications such as ISO 14001 (Environmental Management Systems) to demonstrate a commitment to environmental responsibility.","Environmental Impact Assessment"
356,36,"Implement strategies to reduce the organization's carbon footprint, including energy-efficient equipment, transportation alternatives, and telecommuting options.","Environmental Impact Assessment"
357,36,"Educate employees and stakeholders about the importance of environmental sustainability and the organization's efforts to minimize its impact.","Environmental Impact Assessment"
358,36,"Work with suppliers and partners who share a commitment to environmental responsibility and ethical business practices.","Environmental Impact Assessment"
359,36,"Be transparent about the organization's environmental impact and efforts to mitigate harm by regularly reporting on sustainability initiatives and progress.","Environmental Impact Assessment"
360,36,"Engage with local communities and environmental organizations to address concerns, build partnerships, and contribute to local environmental solutions.","Environmental Impact Assessment"
361,37,"Make a clear and unwavering commitment to compliance with all applicable environmental regulations and standards.","Commitment to Compliance"
362,37,"Ensure that all employees and stakeholders are aware of relevant environmental laws and regulations that pertain to the organization's operations.","Commitment to Compliance"
363,37,"Conduct thorough environmental impact assessments before starting or modifying any business activities to identify potential areas of non-compliance.","Commitment to Compliance"
364,37,"Implement an Environmental Management System (EMS) such as ISO 14001 to systematically manage environmental responsibilities and ensure compliance.","Commitment to Compliance"
365,37,"Establish processes to continuously monitor and stay informed about changes in environmental regulations and standards at the local, national, and international levels.","Commitment to Compliance"
366,37,"Provide training to employees at all levels on compliance with environmental regulations and standards.","Commitment to Compliance"
367,37,"Conduct regular environmental audits to assess and ensure compliance with regulations and standards.","Commitment to Compliance"
368,37,"Establish ethics committees or oversight boards responsible for reviewing and ensuring compliance with environmental regulations and standards.","Commitment to Compliance"
369,37,"Implement mechanisms for employees or stakeholders to report concerns about potential non-compliance without fear of retaliation.","Commitment to Compliance"
370,37,"Hold individuals and the organization accountable for any breaches of environmental regulations and standards, including legal consequences and penalties as prescribed by law.","Commitment to Compliance"
371,38,"Ensure that the company's commitment to sustainability is genuine and deeply embedded in its values, mission, and practices.","Authentic Commitment"
372,38,"Accurately communicate the company's sustainability efforts and achievements in marketing materials, reports, and public statements.","Authentic Commitment"
373,38,"Provide detailed and transparent reporting on sustainability initiatives, progress, and goals, including any challenges faced.","Authentic Commitment"
374,38,"Seek third-party verification or certification of the company's sustainability claims through recognized standards and organizations, such as the Global Reporting Initiative (GRI) or B Corp certification.","Authentic Commitment"
375,38,"Avoid "greenwashing," which involves making false or exaggerated sustainability claims for marketing purposes. Ensure that marketing and branding accurately reflect the company's actual sustainability practices.","Authentic Commitment"
376,38,"Establish ethics committees or oversight boards responsible for reviewing and verifying sustainability claims to ensure they align with ethical and truthful standards.","Authentic Commitment"
377,38,"Educate employees about the company's sustainability efforts and encourage their active participation and commitment.","Authentic Commitment"
378,38,"Engage with customers, investors, and stakeholders to share information about the company's sustainability initiatives and gather feedback.","Authentic Commitment"
379,38,"Set clear sustainability goals and targets that are measurable, achievable, and aligned with the company's values and mission.","Authentic Commitment"
380,38,"Conduct regular internal and external audits and assessments of sustainability practices to ensure they meet stated commitments.","Authentic Commitment"
381,39,"Develop and implement an integrated sustainability strategy that considers long-term environmental sustainability as a fundamental business objective.","Integrated Sustainability Strategy"
382,39,"Explore and adopt sustainable business models that align with environmental conservation and long-term profitability.","Integrated Sustainability Strategy"
383,39,"Adopt triple bottom line reporting, which assesses the company's performance not only in terms of financial profit but also social and environmental impact.","Integrated Sustainability Strategy"
384,39,"Establish key performance indicators (KPIs) and metrics that measure the company's environmental sustainability efforts and progress.","Integrated Sustainability Strategy"
385,39,"Demonstrate ethical leadership by prioritizing long-term environmental sustainability in decision-making processes and actions.","Integrated Sustainability Strategy"
386,39,"Communicate openly and transparently with stakeholders about the company's commitment to long-term sustainability and progress toward environmental goals.","Integrated Sustainability Strategy"
387,39,"Invest in green technologies and practices that reduce the company's environmental footprint and contribute to long-term sustainability.","Integrated Sustainability Strategy"
388,39,"Conduct thorough environmental risk assessments to identify potential risks associated with prioritizing short-term gains over long-term sustainability.","Integrated Sustainability Strategy"
389,39,"Engage with stakeholders, including investors, customers, employees, and the community, to incorporate their perspectives on long-term sustainability.","Integrated Sustainability Strategy"
390,39,"Collaborate with suppliers and partners to create a sustainable supply chain that aligns with environmental sustainability goals.","Integrated Sustainability Strategy"
391,40,"Ensure strict compliance with all applicable environmental laws and regulations related to hazardous waste disposal, including the Resource Conservation and Recovery Act (RCRA) in the United States.","Compliance with Environmental Laws"
392,40,"Develop and implement a comprehensive hazardous waste management plan that outlines proper disposal methods, storage procedures, and employee training.","Compliance with Environmental Laws"
393,40,"Store hazardous waste in appropriate containers and ensure proper labeling to prevent accidental spills or contamination.","Compliance with Environmental Laws"
394,40,"Provide training to employees on the safe handling, storage, and disposal of hazardous waste.","Compliance with Environmental Laws"
395,40,"Conduct thorough environmental impact assessments to identify potential harm or risks associated with hazardous waste disposal.","Compliance with Environmental Laws"
396,40,"Utilize licensed and certified hazardous waste disposal services to ensure proper treatment, recycling, or disposal of hazardous waste materials.","Compliance with Environmental Laws"
397,40,"Establish mechanisms for employees to report concerns about improper hazardous waste disposal without fear of retaliation.","Compliance with Environmental Laws"
398,40,"Establish ethics committees or oversight boards responsible for reviewing and approving waste disposal practices to ensure they align with ethical and legal standards.","Compliance with Environmental Laws"
399,40,"Hold individuals and the organization accountable for improper disposal of hazardous waste, including potential legal consequences and penalties.","Compliance with Environmental Laws"
400,40,"Demonstrate ethical leadership by prioritizing responsible hazardous waste management in decision-making processes and actions.","Compliance with Environmental Laws"
401,41,"Ensure that CSR initiatives are rooted in a genuine commitment to addressing social and environmental issues and creating lasting positive change.","Authentic Commitment"
402,41,"Align CSR efforts with the company's core values and mission, demonstrating a sincere dedication to corporate citizenship.","Authentic Commitment"
403,41,"Be transparent and honest about the motivations behind CSR initiatives, clearly communicating the company's goals and intentions to stakeholders.","Authentic Commitment"
404,41,"Focus on sustainable CSR initiatives that have a meaningful and lasting impact on society and the environment, rather than short-term, superficial projects.","Authentic Commitment"
405,41,"Involve stakeholders, including employees, customers, and the community, in the development and execution of CSR programs to ensure they address real needs and concerns.","Authentic Commitment"
406,41,"Establish clear metrics and performance indicators to measure the impact of CSR initiatives and regularly report progress to stakeholders.","Authentic Commitment"
407,41,"Seek independent verification or certification for CSR initiatives to demonstrate their authenticity and adherence to recognized standards.","Authentic Commitment"
408,41,"Avoid "greenwashing" or making false or exaggerated claims about CSR efforts for marketing purposes. Ensure that CSR communications accurately reflect the company's actions.","Authentic Commitment"
409,41,"Engage employees in CSR activities, allowing them to participate actively and contribute their skills and expertise.","Authentic Commitment"
410,41,"Prioritize initiatives that directly benefit the communities and causes being supported, focusing on their actual needs and concerns.","Authentic Commitment"
411,42,"Rather than using CSR initiatives to distract from unethical behavior, address and rectify unethical practices within the company promptly.","Address Unethical Practices Directly"
412,42,"Be transparent and honest about any past or ongoing unethical practices, and communicate the company's commitment to rectifying those practices.","Address Unethical Practices Directly"
413,42,"Demonstrate ethical leadership by taking responsibility for unethical actions, apologizing when necessary, and outlining a clear plan for ethical improvements.","Address Unethical Practices Directly"
414,42,"Consider involving independent third-party organizations or experts to assess and monitor the company's ethical improvements.","Address Unethical Practices Directly"
415,42,"Make a genuine, long-term commitment to ethical business practices that go beyond CSR initiatives and encompass all aspects of the organization.","Address Unethical Practices Directly"
416,42,"Establish measurable benchmarks and timelines for addressing unethical practices and regularly report on progress.","Address Unethical Practices Directly"
417,42,"Engage with stakeholders, including employees, customers, investors, and the community, to gather input and build trust in the company's ethical transformation.","Address Unethical Practices Directly"
418,42,"Establish ethics committees or oversight boards responsible for reviewing and guiding the company's ethical transformation.","Address Unethical Practices Directly"
419,42,"Avoid using CSR initiatives or sustainability efforts as a way to divert attention from unethical actions. Ensure that CSR communications accurately reflect the company's commitment to ethical change.","Address Unethical Practices Directly"
420,42,"Educate employees about the importance of ethical conduct and their role in upholding ethical values within the organization.","Address Unethical Practices Directly"
421,43,"Ensure that charitable donations are rooted in a genuine commitment to supporting causes that align with the company's values and mission.","Genuine Commitment to Charitable Causes"
422,43,"Be transparent about the motivations behind charitable giving, and communicate the company's true intentions to stakeholders.","Genuine Commitment to Charitable Causes"
423,43,"Commit to sustained support for charitable organizations and causes, rather than making one-off donations solely for damage control.","Genuine Commitment to Charitable Causes"
424,43,"Involve stakeholders, including employees, customers, and the community, in decisions about charitable giving to ensure alignment with their values and concerns.","Genuine Commitment to Charitable Causes"
425,43,"Establish clear metrics and performance indicators to measure the impact of charitable donations and regularly report on progress to stakeholders.","Genuine Commitment to Charitable Causes"
426,43,"Avoid "virtue signaling" or making insincere public displays of charity solely for positive PR. Focus on the substantive impact of donations.","Genuine Commitment to Charitable Causes"
427,43,"Demonstrate ethical leadership by prioritizing ethical behavior in all aspects of the organization's operations, including charitable giving.","Genuine Commitment to Charitable Causes"
428,43,"Establish ethics committees or oversight boards responsible for reviewing and guiding the company's charitable giving practices to ensure they align with ethical standards.","Genuine Commitment to Charitable Causes"
429,43,"Encourage employees to participate in the selection and support of charitable causes through volunteer programs or donation matching.","Genuine Commitment to Charitable Causes"
430,43,"Make a long-term commitment to supporting charitable causes that reflect the company's values and priorities.","Genuine Commitment to Charitable Causes"
431,44,"Ensure that CSR efforts align with the company's core values and mission, as well as the expectations of stakeholders.","Alignment with Core Values"
432,44,"Prioritize ethical decision-making by considering the impact of CSR initiatives on stakeholders, society, and the environment.","Alignment with Core Values"
433,44,"Be transparent and honest about the motivations behind CSR efforts, clearly communicating the company's goals and intentions to stakeholders.","Alignment with Core Values"
434,44,"Involve stakeholders, including employees, customers, investors, and the community, in decisions about CSR initiatives to ensure alignment with their values and concerns.","Alignment with Core Values"
435,44,"Establish clear metrics and performance indicators to measure the impact of CSR initiatives and regularly report progress to stakeholders.","Alignment with Core Values"
436,44,"Avoid "greenwashing" or making false or exaggerated claims about CSR efforts that do not align with the company's core values. Ensure that CSR communications accurately reflect the company's actions.","Alignment with Core Values"
437,44,"Demonstrate ethical leadership by prioritizing ethical values in decision-making processes and actions related to CSR.","Alignment with Core Values"
438,44,"Establish ethics committees or oversight boards responsible for reviewing and approving CSR initiatives to ensure they align with ethical and value-driven standards.","Alignment with Core Values"
439,44,"Focus on sustainability and make a long-term commitment to CSR efforts that reflect the company's values and priorities.","Alignment with Core Values"
440,44,"Periodically reassess the company's CSR strategy to ensure that it remains aligned with evolving values and societal expectations.","Alignment with Core Values"
441,45,"Conduct a thorough review of CSR commitments and consider whether adjustments are needed to align with the company's financial realities without abandoning its ethical principles.","Review and Adjust Commitments"
442,45,"Communicate openly and transparently with stakeholders, including employees, customers, investors, and the community, about the financial challenges the company is facing and its impact on CSR initiatives.","Review and Adjust Commitments"
443,45,"Identify and prioritize essential CSR commitments that have the most significant positive impact on society, the environment, and stakeholders, even in financially challenging times.","Review and Adjust Commitments"
444,45,"Engage with stakeholders to gather input and seek their understanding and support for any necessary adjustments to CSR commitments.","Review and Adjust Commitments"
445,45,"Focus on CSR initiatives that can deliver measurable and meaningful impact, ensuring that resources are directed where they are most needed.","Review and Adjust Commitments"
446,45,"Efficiently allocate resources to balance financial stability and CSR commitments, considering alternative ways to achieve CSR goals with limited resources.","Review and Adjust Commitments"
447,45,"Collaborate with other organizations, nonprofits, or government agencies to share resources and expertise to continue fulfilling CSR commitments.","Review and Adjust Commitments"
448,45,"Involve employees in CSR efforts and seek their creative solutions and voluntary contributions during tough financial times.","Review and Adjust Commitments"
449,45,"Maintain a long-term perspective by considering the potential consequences of abandoning CSR commitments, including reputational damage and loss of trust.","Review and Adjust Commitments"
450,45,"Prioritize sustainability efforts that align with both financial stability and CSR goals, emphasizing initiatives that can contribute to long-term profitability.","Review and Adjust Commitments"